,tipo,centro,direccion,n_distrito,n_barrio,aceite,objectid,estado,codigo,created_user,created_date,last_edited_user,last_edited_date,geo_shape.type,geo_shape.geometry.coordinates,geo_shape.geometry.type,geo_point_2d.lon,geo_point_2d.lat
2,VIA PUBLICA,,AV BALEARS - C/ TRAFALGAR,12,125,1,6,Instalado,212,,,U60391,2023-06-12T07:49:50+02:00,Feature,"[-0.3454201849871817, 39.46036551392851]",Point,-0.3454201849871817,39.46036551392851
3,04-CENTRE EDUCATIU,COLEGIO PUREZA DE MARIA,"AV CID, 142",7,072,1,7,Instalado,ED13,,,U60391,2023-05-12T09:08:50+02:00,Feature,"[-0.4091831441989463, 39.470237996285604]",Point,-0.4091831441989463,39.470237996285604
4,VIA PUBLICA,,"C/ SALAMANCA, 55",02,023,1,9,Instalado,282,,,U60391,2023-06-12T07:51:06+02:00,Feature,"[-0.36229317462455984, 39.46352908622209]",Point,-0.36229317462455984,39.46352908622209
5,04-CENTRE EDUCATIU,ESCUELAS SAN JOSÉ-JESUITAS,AV CORTS VALENCIANES 1,4,041,1,10,Instalado,ED49,,,U60391,2023-05-12T09:16:07+02:00,Feature,"[-0.3974687920139127, 39.486880824869445]",Point,-0.3974687920139127,39.486880824869445
6,02-CM_PERSONES MAJORS,"CM ACTIVITATS PERSONES MAJORS ""GIORGETA-CARMEN GRACIA""","AV GIORGETA, 18",9,091,1,13,Instalado,MA11,,,U60391,2023-05-12T09:17:04+02:00,Feature,"[-0.3858615594705692, 39.46037829854154]",Point,-0.3858615594705692,39.46037829854154
7,00-DEPENDENCIES MUNICIPALS,CONSULTORI AUXILIAR BARRI LA PUNTA,"AV JESÚS MORANTE BORRÁS, 176",10,106,1,14,Instalado,DM14,,,U60391,2023-05-12T09:17:26+02:00,Feature,"[-0.34391832975438835, 39.442560553374506]",Point,-0.34391832975438835,39.442560553374506
8,09-UNIVERSITAT POPULAR,UP MALVARROSA,"AV MALVA-ROSA, 98",11,113,1,15,Instalado,UP13,,,U60391,2023-05-12T09:17:44+02:00,Feature,"[-0.32793390221576063, 39.48127636236008]",Point,-0.32793390221576063,39.48127636236008
9,08-VARIS,ORGANISME AUTÒNOM MUNICIPAL PARCS I JARDINS,"C/ ANTONI SUÁREZ, 7",6,062,1,21,Instalado,VA02,,,U60391,2023-05-12T09:21:14+02:00,Feature,"[-0.3579192322149416, 39.468642477269476]",Point,-0.3579192322149416,39.468642477269476
11,02-CM_PERSONES MAJORS,"CM ACTIVITATS PERSONES MAJORS ""NATZARET""","PL ARAS DE LOS OLMOS, 4",11,115,1,24,Instalado,MA38,,,U60391,2023-05-12T13:04:46+02:00,Feature,"[-0.3333359892145762, 39.44853537574603]",Point,-0.3333359892145762,39.44853537574603
12,04-CENTRE EDUCATIU,AVAPACE,PL JOSÉ MARÍA ORENSE,13,132,1,25,Instalado,ED28,,,U60391,2023-05-12T13:05:03+02:00,Feature,"[-0.3402540238630378, 39.47335316409278]",Point,-0.3402540238630378,39.47335316409278
13,02-CM_PERSONES MAJORS,"CM ACTIVITATS PERSONES MAJORS ""BENIMAMET""","PL LUIS CANO, 2ac",18,181,1,26,Instalado,MA33,,,U60391,2023-05-12T13:05:21+02:00,Feature,"[-0.4180495394189374, 39.501604036523844]",Point,-0.4180495394189374,39.501604036523844
14,01-MERCAT,MERCAT DEL GRAU,PL MERCAT NOU,11,111,1,27,Instalado,ME11,,,U60391,2023-05-12T13:05:44+02:00,Feature,"[-0.3348547446756048, 39.4612658218242]",Point,-0.3348547446756048,39.4612658218242
15,01-MERCAT,MERCAT CENTRAL,"PL MERCAT, 6",1,015,2,28,Instalado,ME01,,,U60391,2023-05-12T13:06:02+02:00,Feature,"[-0.37845796653037966, 39.47375762979897]",Point,-0.37845796653037966,39.47375762979897
16,03-ASSOCIACIÓ VEÏNS,"ASSOCIACIÓ VEÏNS ""PATRAIX""","PL PATRAIX, 13",8,081,1,29,Instalado,AV04,,,U60391,2023-05-12T13:06:21+02:00,Feature,"[-0.3924325530631924, 39.46319466365763]",Point,-0.3924325530631924,39.46319466365763
17,01-MERCAT,MERCAT VALVANERA,PL SANTIAGO SUÁREZ (SANTI),9,093,1,32,Instalado,ME06,,,U60391,2023-05-12T13:07:09+02:00,Feature,"[-0.38754815216013644, 39.452350266346976]",Point,-0.38754815216013644,39.452350266346976
18,04-CENTRE EDUCATIU,COL·LEGI JESÚS-MARÍA,"GV FERRAN EL CATÒLIC, 37",3,033,1,38,Instalado,ED11,,,U60391,2023-05-12T13:12:27+02:00,Feature,"[-0.3871187806300474, 39.47264012036855]",Point,-0.3871187806300474,39.47264012036855
20,01-MERCAT,MERCAT ROJAS CLEMENT,C/ BOTÀNIC,3,031,1,50,Instalado,ME03,,,U60391,2023-05-12T09:24:50+02:00,Feature,"[-0.3852585188864441, 39.47299307196004]",Point,-0.3852585188864441,39.47299307196004
21,07-ALCALDIA DE BARRI,ALCALDIA EL PALMAR,"C/ CAUDETE, 15",19,195,1,53,Instalado,AB04,,,U60391,2023-05-12T09:25:44+02:00,Feature,"[-0.3176533724198616, 39.30938519493066]",Point,-0.3176533724198616,39.30938519493066
22,00-DEPENDENCIES MUNICIPALS,CM OCUPACIÓ I FORMACIÓ,"C/ LLEONS, 9",12,121,1,57,Instalado,DM07,,,U60391,2023-05-12T11:52:34+02:00,Feature,"[-0.3486057753040274, 39.465466657918]",Point,-0.3486057753040274,39.465466657918
23,02-CM_PERSONES MAJORS,"CM ACTIVITATS PERSONES MAJORS ""CABANYAL-CANYAMELAR""","C/ DOCTOR LLUCH, Ft. 75",11,112,1,62,Instalado,MA37,,,U60391,2023-05-12T12:02:59+02:00,Feature,"[-0.3282848832395655, 39.46677095323611]",Point,-0.3282848832395655,39.46677095323611
24,07-ALCALDIA DE BARRI,ALCALDIA EL FORN D'ALCEDO,"C/ GUADALQUIVIR, 15",19,191,1,67,Instalado,AB01,,,U60391,2023-05-12T12:09:15+02:00,Feature,"[-0.37613390739669833, 39.43259613113737]",Point,-0.37613390739669833,39.43259613113737
25,02-CM_PERSONES MAJORS,"CM ACTIVITATS PERSONES MAJORS ""FORN D'ALCEDO""","C/ RIU CABRIOL, 2 Baix",19,191,1,68,Instalado,MA14,,,U60391,2023-05-12T12:09:28+02:00,Feature,"[-0.37492592531276875, 39.432683873268374]",Point,-0.37492592531276875,39.432683873268374
26,02-CM_PERSONES MAJORS,"CM ACTIVITATS PERSONES MAJORS ""ARRANCAPINS""","C/ HISTORIADOR DIAGO, 6-8",3,034,1,71,Instalado,MA02,,,U60391,2023-05-12T12:10:59+02:00,Feature,"[-0.38378188262656665, 39.46756431890583]",Point,-0.38378188262656665,39.46756431890583
27,04-CENTRE EDUCATIU,COLEGIO LA PURISIMA-GRAO,"C/ JOSEP AGUIRRE, 33",11,111,1,72,Instalado,ED43,,,U60391,2023-05-12T12:11:34+02:00,Feature,"[-0.3340292437170603, 39.46183478074841]",Point,-0.3340292437170603,39.46183478074841
28,02-CM_PERSONES MAJORS,"CM ACTIVITATS PERSONES MAJORS ""LA FONTSANTA""","C/ MARE DE DÉU DE LA FONTSANTA, S/N",7,074,1,79,Instalado,MA05,,,U60391,2023-05-12T12:55:12+02:00,Feature,"[-0.4072171036534992, 39.46650166814691]",Point,-0.4072171036534992,39.46650166814691
29,01-MERCAT,MERCAT BENICALAP,C/ MIQUEL SERVET,16,161,1,80,Instalado,ME09,,,U60391,2023-05-12T12:56:28+02:00,Feature,"[-0.39417997292459994, 39.48860592343046]",Point,-0.39417997292459994,39.48860592343046
30,02-CM_PERSONES MAJORS,"CM ACTIVITATS PERSONES MAJORS ""MARE DE DEU DEL DESEMPARATS""","C/ MÚSIC AYLLÓN, S/N",7,073,1,82,Instalado,MA04,,,U60391,2023-05-12T12:57:38+02:00,Feature,"[-0.3968979392254807, 39.465843663515614]",Point,-0.3968979392254807,39.465843663515614
31,04-CENTRE EDUCATIU,EI 1er CICLE MUNICIPAL GENERAL URRUTIA,"C/ RICARDO MUÑOZ SUAY (CINEASTA), S/N",10,107,1,87,Instalado,ED42,,,U60391,2023-05-12T12:59:04+02:00,Feature,"[-0.35883945960066876, 39.45254521109653]",Point,-0.35883945960066876,39.45254521109653
32,02-CM_PERSONES MAJORS,"CM ACTIVITATS PERSONES MAJORS ""FONT DE SANT LLUÍS""","C/ SEVERIANO GOIG, S/N",10,105,1,90,Instalado,MA36,,,U60391,2023-05-12T13:00:42+02:00,Feature,"[-0.3634020624766169, 39.454734504869464]",Point,-0.3634020624766169,39.454734504869464
33,04-CENTRE EDUCATIU,CEIP L'AMISTAT,"C/ SÉNECA, 13",13,133,1,91,Instalado,ED29,,,U60391,2023-05-12T13:01:05+02:00,Feature,"[-0.35035214295021505, 39.47217872898532]",Point,-0.35035214295021505,39.47217872898532
34,02-CM_PERSONES MAJORS,UD PENSIONISTES BENIMACLET,"C/ UTIEL, 22",14,141,1,95,Instalado,MA28,,,U60391,2023-05-12T13:02:26+02:00,Feature,"[-0.35855665954853966, 39.4856797386466]",Point,-0.35855665954853966,39.4856797386466
39,VIA PUBLICA,,"AV REAL DE MADRID, 51",19,197,1,111,Instalado,18,,,U60391,2023-06-08T14:15:48+02:00,Feature,"[-0.3914553754494241, 39.433231316360875]",Point,-0.3914553754494241,39.433231316360875
42,VIA PUBLICA,,C/ CONCA - C/ RAMON DE CASTRO,08,081,1,121,Instalado,07-2,,,U60391,2023-06-08T14:27:54+02:00,Feature,"[-0.3891435052347921, 39.46340550599137]",Point,-0.3891435052347921,39.46340550599137
43,VIA PUBLICA,,PL MANUEL GRANERO - C/ FILIPINES,02,021,1,122,Instalado,146,,,U60391,2023-06-08T14:28:49+02:00,Feature,"[-0.37652979344012416, 39.458462924195366]",Point,-0.37652979344012416,39.458462924195366
44,VIA PUBLICA,,AV REGNE DE VALÈNCIA - C/ SANT VALERI,02,021,1,123,Instalado,129,,,U60391,2023-06-12T07:51:47+02:00,Feature,"[-0.37203828494214797, 39.46452534553879]",Point,-0.37203828494214797,39.46452534553879
45,VIA PUBLICA,,"AV GOLA DEL PUJOL, 6",19,194,1,125,Instalado,21,,,U60391,2023-06-12T07:53:01+02:00,Feature,"[-0.3223197700897032, 39.356616223705814]",Point,-0.3223197700897032,39.356616223705814
46,VIA PUBLICA,,"C/ FONTANARS DELS ALFORINS, 1",08,081,1,126,Instalado,151,,,U60391,2023-06-12T07:53:34+02:00,Feature,"[-0.39068310852864124, 39.45667190827953]",Point,-0.39068310852864124,39.45667190827953
47,VIA PUBLICA,,C/ JOAQUIM NAVARRO - C/ GABRIEL Y GALÁN,09,092,1,128,Instalado,167,,,U60391,2023-06-12T07:54:36+02:00,Feature,"[-0.3874506364636714, 39.452979481982055]",Point,-0.3874506364636714,39.452979481982055
48,VIA PUBLICA,,AV MENÉNDEZ Y PELAYO - GASCÓ OLIAG,06,064,1,135,Instalado,261,,,U60391,2023-06-12T08:00:35+02:00,Feature,"[-0.3576596291844111, 39.47847869162641]",Point,-0.3576596291844111,39.47847869162641
50,VIA PUBLICA,,C/ BÈLGICA - C/ CARAVACA,06,064,1,140,Instalado,252,,,U60391,2023-06-08T09:50:56+02:00,Feature,"[-0.3557572579835805, 39.47346664209488]",Point,-0.3557572579835805,39.47346664209488
52,VIA PUBLICA,,AV FRANÇA - C/ TRAFALGAR,12,125,1,142,Instalado,59,,,U60391,2023-06-08T09:52:09+02:00,Feature,"[-0.34636201961336033, 39.45881363094735]",Point,-0.34636201961336033,39.45881363094735
53,VIA PUBLICA,,"C/ JOSÉ ANDREU ALABARTA, 36",08,082,1,145,Instalado,08,,,U60391,2023-06-12T08:07:14+02:00,Feature,"[-0.4035568890568363, 39.451918597348985]",Point,-0.4035568890568363,39.451918597348985
54,VIA PUBLICA,,C/ CAMPANERS - C/ BOLÍVIA (JUNT COL·LEGI),08,084,1,150,Instalado,01,,,U60391,2023-06-08T09:59:33+02:00,Feature,"[-0.39952042371005864, 39.4571628636793]",Point,-0.39952042371005864,39.4571628636793
55,VIA PUBLICA,,C/ SANT VICENT MÀRTIR - C/ PRIMER DE MAIG,09,093,1,151,Instalado,30,,,U60391,2023-06-08T10:00:48+02:00,Feature,"[-0.38583349931989497, 39.44852109234511]",Point,-0.38583349931989497,39.44852109234511
56,VIA PUBLICA,,"C/ ALMÀSSERA, FRT 16",09,092,1,153,Instalado,169,,,U60391,2023-06-08T11:00:53+02:00,Feature,"[-0.39116504666097923, 39.452589958573476]",Point,-0.39116504666097923,39.452589958573476
59,VIA PUBLICA,,AV GASPAR AGUILAR - C/ FORATA,09,092,1,167,Instalado,33,,,U60391,2023-06-08T11:52:55+02:00,Feature,"[-0.39391727281263456, 39.45098991733751]",Point,-0.39391727281263456,39.45098991733751
60,VIA PUBLICA,,"AV PRIMER DE MAIG, 31",09,093,1,168,Instalado,29,,,U60391,2023-06-08T11:53:31+02:00,Feature,"[-0.3890872363993806, 39.449101347877445]",Point,-0.3890872363993806,39.449101347877445
61,VIA PUBLICA,,C/ ARQUEBISPE OLAECHEA - C/ SANT MARCEL·LÍ,09,094,1,169,Instalado,174,,,U60391,2023-06-08T11:54:13+02:00,Feature,"[-0.39121508282951084, 39.44402269362322]",Point,-0.39121508282951084,39.44402269362322
65,VIA PUBLICA,,"C/ PIUS XI, 13 - C/ FONTANARS DELS ALFORINS",08,084,1,186,Instalado,161,,,U60391,2023-06-08T12:24:36+02:00,Feature,"[-0.393021112329799, 39.45913366951507]",Point,-0.393021112329799,39.45913366951507
66,VIA PUBLICA,,C/ COSTA I BORRÀS - C/ JERONIMA GALES (IMPRESSORA),09,092,1,188,Instalado,32,,,U60391,2023-06-08T12:27:47+02:00,Feature,"[-0.3892825184499628, 39.45500138985643]",Point,-0.3892825184499628,39.45500138985643
67,VIA PUBLICA,,"CN PICANYA, 23",08,082,1,192,Instalado,157,,,U60391,2023-06-08T12:30:52+02:00,Feature,"[-0.4043556561886552, 39.45608194118478]",Point,-0.4043556561886552,39.45608194118478
68,VIA PUBLICA,,GV GERMANIES - C/ SUECA,02,021,1,195,Instalado,293,,,U60391,2023-06-08T12:33:56+02:00,Feature,"[-0.37663159064605506, 39.463464544405504]",Point,-0.37663159064605506,39.463464544405504
71,VIA PUBLICA,,AV PERIS I VALERO - C/ CABO JUBI,02,021,1,201,Instalado,130,,,U60391,2023-06-08T12:47:53+02:00,Feature,"[-0.3705551363908262, 39.45935071112085]",Point,-0.3705551363908262,39.45935071112085
79,VIA PUBLICA,,"AV GIORGETA, 18",09,091,1,231,Instalado,163,,,U60391,2023-06-08T13:08:36+02:00,Feature,"[-0.3856760935893502, 39.46046551667991]",Point,-0.3856760935893502,39.46046551667991
80,VIA PUBLICA,,"AV PINARS, 26",19,194,1,232,Instalado,176,,,U60391,2023-06-08T13:10:15+02:00,Feature,"[-0.33246501796991285, 39.382169819821186]",Point,-0.33246501796991285,39.382169819821186
83,VIA PUBLICA,,AV PORT - C/ ACTOR LLORENS,12,122,1,241,Instalado,57,,,U60391,2023-06-08T13:18:04+02:00,Feature,"[-0.35553463987924533, 39.46683148231009]",Point,-0.35553463987924533,39.46683148231009
89,VIA PUBLICA,,C/ ÈOL  - C/ HORT DE VEIRAT,06,062,1,253,Instalado,259,,,U60391,2023-06-08T13:29:01+02:00,Feature,"[-0.35652775940254716, 39.4710914524283]",Point,-0.35652775940254716,39.4710914524283
94,VIA PUBLICA,,"C/ PIUS IX, 29",09,094,1,269,Instalado,173,,,U60391,2023-06-08T13:45:22+02:00,Feature,"[-0.3930435678108677, 39.44509232064263]",Point,-0.3930435678108677,39.44509232064263
95,VIA PUBLICA,,C/ PROFESSOR DOCTOR SEVERO OCHOA - C/ MONFORTE,06,061,1,270,Instalado,250,,,U60391,2023-06-08T13:46:47+02:00,Feature,"[-0.3641477965088149, 39.4770967918165]",Point,-0.3641477965088149,39.4770967918165
98,VIA PUBLICA,,C/ REVEREND JOSEP VALERO - C/ GARCÉS,17,173,1,280,Instalado,28,,,U60391,2023-11-15T13:46:52+01:00,Feature,"[-0.37606257077436767, 39.51667704967122]",Point,-0.37606257077436767,39.51667704967122
99,VIA PUBLICA,,SENDA TENDETA - CAMI MAUELLA,17,175,1,282,Instalado,26,,,U60391,2023-06-09T08:25:26+02:00,Feature,"[-0.33379192148555203, 39.54359505378939]",Point,-0.33379192148555203,39.54359505378939
101,VIA PUBLICA,,"PL PATRAIX, FRT 17",8,81,1,287,Instalado,07-1,U60391,2022-07-13T09:03:20+02:00,U60391,2023-06-09T08:28:57+02:00,Feature,"[-0.39187358753291124, 39.46285076713753]",Point,-0.39187358753291124,39.46285076713753
111,VIA PUBLICA,,C/ ARXIDUC CARLES - C/ MUSIC GOMIS,08,084,1,317,Instalado,62-1,,,U60391,2023-06-09T09:37:36+02:00,Feature,"[-0.4007900481666045, 39.45940949284493]",Point,-0.4007900481666045,39.45940949284493
113,VIA PUBLICA,,C/ MISSER MASCÓ CRUCE C/ NATURALISTA ARÉVALO BACA,06,061,1,320,Instalado,260,,,U60391,2023-06-09T09:42:13+02:00,Feature,"[-0.3618720915834155, 39.475171599912336]",Point,-0.3618720915834155,39.475171599912336
116,VIA PUBLICA,,"C/ TRES FORQUES, 69",08,083,1,324,Instalado,164,,,U60391,2023-06-09T09:45:10+02:00,Feature,"[-0.39526807132081293, 39.46388137049108]",Point,-0.39526807132081293,39.46388137049108
117,VIA PUBLICA,,C/ CAMPOS CRESPO - C/ CASES BAIXES,08,085,1,326,Instalado,154,,,U60391,2023-06-09T09:46:37+02:00,Feature,"[-0.3942469798589631, 39.45632005093739]",Point,-0.3942469798589631,39.45632005093739
120,07-ALCALDIA DE BARRI,ALCALDIA LA PUNTA,"C/ ALBERTO GARCÍA ESTEVE (ADVOCAT), SN",10,106,1,336,Instalado,AB11,,,U60391,2023-06-29T15:11:44+02:00,Feature,"[-0.3353594935381565, 39.44308498544254]",Point,-0.3353594935381565,39.44308498544254
121,VIA PUBLICA,,AV CONSTITUCIÓ - C/ LLEIDA,05,052,1,337,Instalado,202,,,U60391,2023-11-09T13:01:18+01:00,Feature,"[-0.37877612139973127, 39.483759870087646]",Point,-0.37877612139973127,39.483759870087646
122,VIA PUBLICA,,"AV PORTUGAL, 16",05,054,1,345,Instalado,38,,,U60391,2023-11-09T13:44:25+01:00,Feature,"[-0.37890767981100903, 39.487866380058506]",Point,-0.37890767981100903,39.487866380058506
123,VIA PUBLICA,,C/ FRAY PERE VIVES - C/ BILBAO,05,055,1,346,Instalado,190,,,U60391,2023-11-09T13:53:01+01:00,Feature,"[-0.37281018451513004, 39.486863560548606]",Point,-0.37281018451513004,39.486863560548606
124,VIA PUBLICA,,"C/ MAXIMILIA THOUS, 11 acc",05,055,1,347,Instalado,163,,,U60391,2023-11-09T13:56:13+01:00,Feature,"[-0.3750158831281465, 39.4879247706322]",Point,-0.3750158831281465,39.4879247706322
125,VIA PUBLICA,,C/ PARE URBANO - PL PROFESSOR TIERNO GALVÁN,05,055,1,348,Instalado,53,,,U60391,2023-11-09T13:58:39+01:00,Feature,"[-0.3713865493348119, 39.48876395027358]",Point,-0.3713865493348119,39.48876395027358
132,VIA PUBLICA,,"C/ JOSEP SOTO MICO, 43",09,095,1,368,Instalado,165,,,U60391,2023-06-08T14:56:58+02:00,Feature,"[-0.3887914981629633, 39.44004411641298]",Point,-0.3887914981629633,39.44004411641298
133,VIA PUBLICA,,"C/ VALL DE LA BALLESTERA, 39 - AV MESTRE RODRIGO (MÚSIC)",04,041,1,373,Instalado,24,,,U60391,2023-07-07T11:38:22+02:00,Feature,"[-0.39825311510222466, 39.47893751967591]",Point,-0.39825311510222466,39.47893751967591
134,VIA PUBLICA,,"AV BURJASSOT, 3",04,042,1,374,Instalado,182,,,U60391,2023-07-07T11:40:22+02:00,Feature,"[-0.38228384667436194, 39.482886393679]",Point,-0.38228384667436194,39.482886393679
135,VIA PUBLICA,,AV MENÉNDEZ PIDAL - C/ DEGÀ RAMON ARNAU,04,042,1,375,Instalado,187,,,U60391,2023-07-07T11:49:36+02:00,Feature,"[-0.38603189037855806, 39.48095157209427]",Point,-0.38603189037855806,39.48095157209427
136,VIA PUBLICA,,AV CORTS VALENCIANES - C/ CANAL DE NAVARRÉS,04,044,1,378,Instalado,48,,,U60391,2023-07-07T12:02:48+02:00,Feature,"[-0.4013986646665201, 39.49232959706389]",Point,-0.4013986646665201,39.49232959706389
137,VIA PUBLICA,,AV MANUEL DE FALLA - C/  EDUARD SOLER I PEREZ,04,044,1,380,Instalado,47,,,U60391,2023-07-07T12:07:47+02:00,Feature,"[-0.3993624950225052, 39.47595858838167]",Point,-0.3993624950225052,39.47595858838167
138,VIA PUBLICA,,C/ CAMP DE MORVEDRE - C/ CANAL DE NAVARRÉS,04,044,1,381,Instalado,49,,,U60391,2023-07-07T12:08:56+02:00,Feature,"[-0.40607398781962223, 39.49028836753453]",Point,-0.40607398781962223,39.49028836753453
139,VIA PUBLICA,,"C/ MIQUEL NAVARRO (ESCULTOR), 3",04,044,1,382,Instalado,0,,,U60391,2023-07-07T12:11:11+02:00,Feature,"[-0.4007810003444046, 39.48035158875328]",Point,-0.4007810003444046,39.48035158875328
140,VIA PUBLICA,,"C/ VALL DE LA BALLESTERA, 56",04,044,1,384,Instalado,196,,,U60391,2023-07-07T12:19:00+02:00,Feature,"[-0.4037755033435182, 39.47864505471205]",Point,-0.4037755033435182,39.47864505471205
141,VIA PUBLICA,,C/ VICENTE TORMO ALFONSO (CARDIOLEG) - C/ MESTRE RODRIGO (MÚSIC),04,044,1,385,Instalado,180,,,U60391,2023-07-07T12:21:12+02:00,Feature,"[-0.40369332148354514, 39.48622627577099]",Point,-0.40369332148354514,39.48622627577099
142,VIA PUBLICA,,AV CONSTITUCIÓ-C/ ARQUITECTE LUCINI,05,054,1,389,Instalado,55,,,U60391,2023-11-08T09:51:22+01:00,Feature,"[-0.37561818100326044, 39.48990606809684]",Point,-0.37561818100326044,39.48990606809684
143,VIA PUBLICA,,C/ SANT PANCRAÇ  -C/ HORTICULTOR BOSCH,05,051,1,390,Instalado,200,,,U60391,2023-11-08T09:56:38+01:00,Feature,"[-0.3856126449832082, 39.48803525838107]",Point,-0.3856126449832082,39.48803525838107
144,VIA PUBLICA,,"C/ CASTELLÓ, 2",02,021,1,1,Instalado,219,,,U60391,2022-02-03T08:18:14+01:00,Feature,"[-0.3767966713241999, 39.46628925527343]",Point,-0.3767966713241999,39.46628925527343
145,03-ASSOCIACIÓ VEÏNS,ASSOCIACIÓ VEÏNS FONT D'EN CORTS,"CTRA FONT D'EN CORTS, 105",10,106,1,2,Instalado,AV05,,,U60391,2022-03-01T14:58:26+01:00,Feature,"[-0.35822176539429385, 39.445679801583225]",Point,-0.35822176539429385,39.445679801583225
146,07-ALCALDIA DE BARRI,ALCALDIA EL PERELLONET,"AV GAVINES, S/N",19,196,1,11,Instalado,AB05,,,U60391,2023-05-12T09:16:27+02:00,Feature,"[-0.288838341436949, 39.29791367934801]",Point,-0.288838341436949,39.29791367934801
147,01-MERCAT,MERCAT ALGIRÓS,PL SANT FELIP NERI,12,122,1,31,Instalado,ME07,,,U60391,2023-05-12T13:06:54+02:00,Feature,"[-0.35347936718283945, 39.470008546884294]",Point,-0.35347936718283945,39.470008546884294
148,02-CM_PERSONES MAJORS,"CM ACTIVITATS PERSONES MAJORS ""VIVEROS""","PL ÀVILA, 17",5,053,1,33,Instalado,MA22,,,U60391,2023-05-12T13:07:44+02:00,Feature,"[-0.3698327174232672, 39.4813469215975]",Point,-0.3698327174232672,39.4813469215975
149,00-DEPENDENCIES MUNICIPALS,ESCOLA MUNICIPAL DE PILOTA VALENCIANA,CAMI BORBOTÓ A MASSARROJOS,17,177,1,35,Instalado,DM11,,,U60391,2023-05-12T13:09:04+02:00,Feature,"[-0.389861242032982, 39.51868046067874]",Point,-0.389861242032982,39.51868046067874
150,03-ASSOCIACIÓ VEÏNS,"ASSOCIACIÓ VEÏNS ""ARNICHES""","CV XIRIVELLA, 1",7,072,1,39,Instalado,AV01,,,U60391,2023-05-12T13:14:42+02:00,Feature,"[-0.40841802232151014, 39.47269409722403]",Point,-0.40841802232151014,39.47269409722403
153,04-CENTRE EDUCATIU,COL·LEGI MUNICIPAL BENIMACLET,"C/ ARQUITECTE ARNAU, S/N",14,142,1,43,Instalado,ED33,,,U60391,2023-05-12T09:21:35+02:00,Feature,"[-0.3559671813311137, 39.48687042159499]",Point,-0.3559671813311137,39.48687042159499
154,04-CENTRE EDUCATIU,IES BARRI EL CARME,"C/ BENEFICÈNCIA, 20",1,013,1,47,Instalado,ED04,,,U60391,2023-05-12T09:24:16+02:00,Feature,"[-0.3818176888953007, 39.479630497789266]",Point,-0.3818176888953007,39.479630497789266
155,04-CENTRE EDUCATIU,CIPFP CIUTAT DE L´APRENENT,"C/ CIUTAT DE L'APRENENT, 4",9,095,1,54,Instalado,ED50,,,U60391,2023-05-12T09:26:06+02:00,Feature,"[-0.390554741608402, 39.440139119334894]",Point,-0.390554741608402,39.440139119334894
156,02-CM_PERSONES MAJORS,"CM ACTIVITATS PERSONES MAJORS ""RUSSAFA""","C/ CUBA, 63",2,021,1,56,Instalado,MA01,,,U60391,2023-05-12T09:26:53+02:00,Feature,"[-0.3750283944096615, 39.45927560875788]",Point,-0.3750283944096615,39.45927560875788
157,02-CM_PERSONES MAJORS,"CM ACTIVITATS PERSONES MAJORS ""CAMPANAR""","C/ DRAGAMINES, 11",4,041,1,63,Instalado,MA18,,,U60391,2023-05-12T12:03:19+02:00,Feature,"[-0.3969731310686819, 39.48116541674974]",Point,-0.3969731310686819,39.48116541674974
158,02-CM_PERSONES MAJORS,"CM ACTIVITATS PERSONES MAJORS ""TENDETES""","C/ FALUTX, S/N",4,042,1,65,Instalado,MA19,,,U60391,2023-05-12T12:08:06+02:00,Feature,"[-0.3867515101524782, 39.48395184486931]",Point,-0.3867515101524782,39.48395184486931
159,02-CM_PERSONES MAJORS,"CM ACTIVITATS PERSONES MAJORS ""BENIFERRI""","C/ FAVANELLA, S/N",18,182,1,66,Instalado,MA34,,,U60391,2023-05-12T12:08:36+02:00,Feature,"[-0.40716025322193217, 39.492960400120886]",Point,-0.40716025322193217,39.492960400120886
160,04-CENTRE EDUCATIU,COLEGIO SAGRADO CORAZON,"C/ SALAMANCA, 45",2,023,1,70,Instalado,ED07,,,U60391,2023-05-12T12:10:26+02:00,Feature,"[-0.36310511001195234, 39.46481306502519]",Point,-0.36310511001195234,39.46481306502519
161,02-CM_PERSONES MAJORS,CENTRE OCUPACIONAL MUNICIPAL JUAN DE GARAY,"C/ JUAN DE GARAY, 52",8,085,1,75,Instalado,MA10,,,U60391,2023-05-12T12:25:51+02:00,Feature,"[-0.3955250754485093, 39.45501363475818]",Point,-0.3955250754485093,39.45501363475818
162,02-CM_PERSONES MAJORS,"CM ACTIVITATS PERSONES MAJORS ""MALILLA""","C/ JUAN RAMON JIMÉNEZ, 18",10,103,1,76,Instalado,MA35,,,U60391,2023-05-12T12:26:14+02:00,Feature,"[-0.3764464359533808, 39.45497388466856]",Point,-0.3764464359533808,39.45497388466856
163,01-MERCAT,MERCAT DEL CABANYAL,C/ JUST VILAR,11,112,1,77,Instalado,ME12,,,U60391,2023-05-12T12:26:35+02:00,Feature,"[-0.3332365554466184, 39.46752947946979]",Point,-0.3332365554466184,39.46752947946979
164,09-UNIVERSITAT POPULAR,UP ALGIRÓS,"C/ MÚSIC GINÉS, 21",13,132,1,83,Instalado,UP08,,,U60391,2023-05-12T12:57:54+02:00,Feature,"[-0.3433210071242905, 39.47065248220579]",Point,-0.3433210071242905,39.47065248220579
165,04-CENTRE EDUCATIU,CEIP PROFESSOR RAMIRO JOVER,"C/ PIUS IX, S/N",9,095,1,84,Instalado,ED18,,,U60391,2023-05-12T12:58:17+02:00,Feature,"[-0.3940106284127958, 39.44316860152606]",Point,-0.3940106284127958,39.44316860152606
166,02-CM_PERSONES MAJORS,"CM ACTIVITATS PERSONES MAJORS ""CASTELLAR-OLIVERAL""","C/ POETESSA LEONOR PERALES, 1",19,192,1,85,Instalado,MA15,,,U60391,2023-05-12T12:58:33+02:00,Feature,"[-0.36312171979591645, 39.42835498603412]",Point,-0.36312171979591645,39.42835498603412
167,04-CENTRE EDUCATIU,CEIP BENIMAMET,"C/ RAFAEL TENES ESCRICH, 56",18,181,1,86,Instalado,ED39,,,U60391,2023-05-12T12:58:49+02:00,Feature,"[-0.4131291723738624, 39.50050172218232]",Point,-0.4131291723738624,39.50050172218232
168,02-CM_PERSONES MAJORS,"CM ACTIVITATS PERSONES MAJORS ""LA LLUM""","C/ SANTIAGO DE LÉS, 1",7,075,1,89,Instalado,MA06,,,U60391,2023-05-12T13:00:21+02:00,Feature,"[-0.4127212813409663, 39.46778741493406]",Point,-0.4127212813409663,39.46778741493406
169,09-UNIVERSITAT POPULAR,UP NOU MOLES,"C/ TORRES, 12",7,071,1,93,Instalado,UP03,,,U60391,2023-05-12T13:01:47+02:00,Feature,"[-0.3990167599355959, 39.47341885418836]",Point,-0.3990167599355959,39.47341885418836
170,05-CENTRES JUVENILS,CM JUVENTUT CAMPANAR,"C/ VALL DE LA BALLESTERA, 66",4,044,1,96,Instalado,JU01,,,U60391,2023-05-12T13:02:45+02:00,Feature,"[-0.4061498803864604, 39.47891670388609]",Point,-0.4061498803864604,39.47891670388609
174,VIA PUBLICA,,C/ JOAQUIM COSTA - C/ BORRIANA,02,023,1,113,Instalado,288,,,U60391,2023-06-08T14:18:03+02:00,Feature,"[-0.366588143935242, 39.46507079850616]",Point,-0.366588143935242,39.46507079850616
175,VIA PUBLICA,,AV JACINTO BENAVENTE - C/ BORRIANA,02,023,1,114,Instalado,283,,,U60391,2023-06-08T14:18:55+02:00,Feature,"[-0.3631924265835391, 39.46671932754078]",Point,-0.3631924265835391,39.46671932754078
176,VIA PUBLICA,,C/ ARXIDUC CARLES -  C/ PUEBLA DE VALVERDE,08,083,1,119,Instalado,06,,,U60391,2023-06-08T14:25:44+02:00,Feature,"[-0.40123590930579905, 39.45943308746953]",Point,-0.40123590930579905,39.45943308746953
177,VIA PUBLICA,,PL ENRIC GRANADOS  (ENFRONT MERCADONA),08,081,1,120,Instalado,10,,,U60391,2023-06-08T14:26:39+02:00,Feature,"[-0.3940896071648611, 39.46172774631153]",Point,-0.3940896071648611,39.46172774631153
178,VIA PUBLICA,,C/ FONTANARS DELS ALFORINS - C/ VALL D'UIXÓ,08,084,1,131,Instalado,15,,,U60391,2023-06-12T07:57:45+02:00,Feature,"[-0.3953862455370233, 39.460944585365205]",Point,-0.3953862455370233,39.460944585365205
179,VIA PUBLICA,,"C/ CONCA, 132",08,081,1,132,Instalado,156,,,U60391,2023-06-12T07:58:18+02:00,Feature,"[-0.39121989759649456, 39.46093913795398]",Point,-0.39121989759649456,39.46093913795398
180,VIA PUBLICA,,"C/ GUADALQUIVIR, FRT 11",19,191,1,133,Instalado,177,,,U60391,2023-06-12T07:58:59+02:00,Feature,"[-0.37624772402831635, 39.43278004374466]",Point,-0.37624772402831635,39.43278004374466
182,VIA PUBLICA,,"AV TRES CREUS, 62 ACC",08,082,1,139,Instalado,09,,,U60391,2023-06-12T08:06:49+02:00,Feature,"[-0.4018386565002689, 39.456499344352636]",Point,-0.4018386565002689,39.456499344352636
187,VIA PUBLICA,,C/ ARXIDUC CARLES - C/ MARE DE DÉU DE LA CABEÇA,08,084,1,149,Instalado,03,,,U60391,2023-06-08T09:58:47+02:00,Feature,"[-0.39856671017507095, 39.46130969345758]",Point,-0.39856671017507095,39.46130969345758
189,VIA PUBLICA,,"C/ MESTRE GOZALBO, 12",02,023,1,155,Instalado,145,,,U60391,2023-06-08T11:02:10+02:00,Feature,"[-0.3696969380980389, 39.46572155475456]",Point,-0.3696969380980389,39.46572155475456
194,VIA PUBLICA,,AV TRES CREUS - C/ CIUTAT DE CARLET,08,082,1,164,Instalado,04-1,,,U60391,2023-06-08T11:51:10+02:00,Feature,"[-0.4015596623691133, 39.45744028035253]",Point,-0.4015596623691133,39.45744028035253
195,VIA PUBLICA,,"C/ EMILI LLUCH, Frt. 18 - C/ TORRENT",08,083,1,170,Instalado,159,,,U60391,2023-06-08T12:02:27+02:00,Feature,"[-0.40229517590016567, 39.46185682741779]",Point,-0.40229517590016567,39.46185682741779
198,VIA PUBLICA,,C/ CADIS - C/ PUERTO RICO,02,021,1,174,Instalado,292,,,U60391,2023-06-08T12:09:03+02:00,Feature,"[-0.3737938680158012, 39.46203535219717]",Point,-0.3737938680158012,39.46203535219717
200,VIA PUBLICA,,C/ AMADEU DE SAVOIA - AV SUÈCIA,06,062,1,180,Instalado,262,,,U60391,2023-06-08T12:12:35+02:00,Feature,"[-0.3598594903779981, 39.47326233003418]",Point,-0.3598594903779981,39.47326233003418
202,VIA PUBLICA,,AV BLASCO IBÁÑEZ - PL LEGIÓ ESPANYOLA,06,061,1,182,Instalado,249,,,U60391,2023-06-08T12:17:00+02:00,Feature,"[-0.3657018814876442, 39.47881889449429]",Point,-0.3657018814876442,39.47881889449429
203,VIA PUBLICA,,C/ GUILLEM DESPUIG - C/ ROSA ESTRUCH ESPINÓS (POLÍTICA),07,073,1,185,Instalado,215,,,U60391,2023-06-08T12:23:17+02:00,Feature,"[-0.39892142943399356, 39.46463623637126]",Point,-0.39892142943399356,39.46463623637126
204,VIA PUBLICA,,C/ CARCAIXENT - C/ URUGUAI,09,091,1,187,Instalado,155,,,U60391,2023-06-08T12:25:30+02:00,Feature,"[-0.387008416106782, 39.45884343916525]",Point,-0.387008416106782,39.45884343916525
205,VIA PUBLICA,,"C/ JUAN DE GARAY, FRT 46",08,085,1,189,Instalado,160,,,U60391,2023-06-08T12:28:26+02:00,Feature,"[-0.3947302406262189, 39.4545567872323]",Point,-0.3947302406262189,39.4545567872323
206,VIA PUBLICA,,PL SARAGOSSA,06,062,1,191,Instalado,106,,,U60391,2023-06-08T12:30:16+02:00,Feature,"[-0.36006003867489983, 39.46885163310744]",Point,-0.36006003867489983,39.46885163310744
215,VIA PUBLICA,,C/ PINTOR VILAR - C/ ALBORAIA,05,053,1,213,Instalado,36,,,U60391,2023-06-08T12:56:19+02:00,Feature,"[-0.37110507541242005, 39.48218011093146]",Point,-0.37110507541242005,39.48218011093146
216,VIA PUBLICA,,C/ ALVARO DE BAZAN - C/ JAUME ROIG,06,063,1,214,Instalado,70,,,U60391,2023-06-08T12:56:54+02:00,Feature,"[-0.36378013450849556, 39.48150102937988]",Point,-0.36378013450849556,39.48150102937988
217,VIA PUBLICA,,AV CATALUNYA - AV BLASCO IBAÑEZ,06,064,1,216,Instalado,68,,,U60391,2023-06-08T12:58:03+02:00,Feature,"[-0.3559769112872735, 39.47678410532287]",Point,-0.3559769112872735,39.47678410532287
220,VIA PUBLICA,,"C/ MASSAMAGRELL, Ft 3",17,171,1,228,Instalado,184,,,U60391,2023-06-08T13:06:15+02:00,Feature,"[-0.38523583736655176, 39.52858186032081]",Point,-0.38523583736655176,39.52858186032081
221,VIA PUBLICA,,AV GAVINES - C/ CABRESTANT,19,196,1,237,Instalado,175,,,U60391,2023-06-08T13:15:05+02:00,Feature,"[-0.29617041692046125, 39.30664295335424]",Point,-0.29617041692046125,39.30664295335424
223,VIA PUBLICA,,"AV REAL DE MADRID, 135",19,197,1,242,Instalado,178,,,U60391,2023-06-08T13:19:04+02:00,Feature,"[-0.39359397780820443, 39.4277738501566]",Point,-0.39359397780820443,39.4277738501566
224,VIA PUBLICA,,"AV REGNE DE VALÈNCIA, 60",02,021,1,243,Instalado,136,,,U60391,2023-06-08T13:19:54+02:00,Feature,"[-0.36625263872358327, 39.46326304994676]",Point,-0.36625263872358327,39.46326304994676
229,VIA PUBLICA,,C/ MARIANO DE CAVIA - C/ ARQUITECTE SEGURA DE LAGO,08,082,1,261,Instalado,152,,,U60391,2023-06-08T13:36:56+02:00,Feature,"[-0.4029105158118519, 39.453275417324434]",Point,-0.4029105158118519,39.453275417324434
233,VIA PUBLICA,,C/ CARTERS - C/ MARQUÉS DE BELLET,09,091,1,274,Instalado,34,,,U60391,2023-06-08T13:50:33+02:00,Feature,"[-0.3870935347451457, 39.45484910583355]",Point,-0.3870935347451457,39.45484910583355
236,VIA PUBLICA,,C/ ESCOTILLA - C/ PAL,19,196,1,285,Instalado,172,,,U60391,2023-06-09T08:27:36+02:00,Feature,"[-0.27769052929492233, 39.28019258683275]",Point,-0.27769052929492233,39.28019258683275
240,VIA PUBLICA,,C/ MORERES - C/ ALQUERIA DEL FAVERO,10,106,1,302,Instalado,204,,,U60391,2023-06-09T08:55:06+02:00,Feature,"[-0.3382732003519682, 39.45184095903257]",Point,-0.3382732003519682,39.45184095903257
241,VIA PUBLICA,,"AV AMAT GRANELL MESADO (MILITAR), 53 - AV PLATA",10,105,1,304,Instalado,89,,,U60391,2023-06-09T09:14:27+02:00,Feature,"[-0.36293343055600347, 39.456562396808465]",Point,-0.36293343055600347,39.456562396808465
243,VIA PUBLICA,,"C/ SUECA, 70 - C/ CENTELLES",02,021,1,308,Instalado,289,,,U60391,2023-06-09T09:18:43+02:00,Feature,"[-0.37353712614244267, 39.45893588683772]",Point,-0.37353712614244267,39.45893588683772
244,VIA PUBLICA,,C/ BENICARLÓ - C/ DOLORES MARQUÉS,05,053,1,314,Instalado,51,,,U60391,2023-06-09T09:25:00+02:00,Feature,"[-0.36358437723905873, 39.48544494528212]",Point,-0.36358437723905873,39.48544494528212
247,VIA PUBLICA,,"AV PORT, 46",12,124,1,321,Instalado,44,,,U60391,2023-06-09T09:42:48+02:00,Feature,"[-0.356092713008118, 39.46683366513381]",Point,-0.356092713008118,39.46683366513381
249,VIA PUBLICA,,"C/ CAMPOAMOR, 91",13,131,1,329,Instalado,120,,,U60391,2023-06-09T09:48:53+02:00,Feature,"[-0.3405738103454321, 39.469189175989335]",Point,-0.3405738103454321,39.469189175989335
251,VIA PUBLICA,,C/ ALQUERIA DE L'ESTRELLA - C/ REUS,05,051,1,332,Instalado,201,,,U60391,2023-11-09T12:14:12+01:00,Feature,"[-0.3830811377705892, 39.485602395041944]",Point,-0.3830811377705892,39.485602395041944
252,07-ALCALDIA DE BARRI,ALCALDIA MASSARROJOS,"C/ MOSSÉN BAU, 12 B",17,176,1,335,Instalado,AB10,,,U60391,2023-06-29T15:04:39+02:00,Feature,"[-0.40391482269228346, 39.53956306509709]",Point,-0.40391482269228346,39.53956306509709
253,VIA PUBLICA,,"C/ SAGUNT, 32",05,052,1,339,Instalado,183,,,U60391,2023-11-09T13:15:33+01:00,Feature,"[-0.37497678575655674, 39.48366284974111]",Point,-0.37497678575655674,39.48366284974111
254,VIA PUBLICA,,"C/ ALBORAIA, 62",05,053,1,340,Instalado,192,,,U60391,2023-11-09T13:19:56+01:00,Feature,"[-0.3684867217659315, 39.48591432678388]",Point,-0.3684867217659315,39.48591432678388
255,VIA PUBLICA,,C/ MOLINELL - AV PRIMAT REIG,05,053,1,342,Instalado,52,,,U60391,2023-11-09T13:30:07+01:00,Feature,"[-0.3644458639137623, 39.484672128885414]",Point,-0.3644458639137623,39.484672128885414
256,VIA PUBLICA,,"C/ POETA BODRIA, 10",05,053,1,343,Instalado,39,,,U60391,2023-11-09T13:35:12+01:00,Feature,"[-0.3724990286112711, 39.481250854459866]",Point,-0.3724990286112711,39.481250854459866
257,VIA PUBLICA,,"PL ÀVILA, 18",05,053,1,344,Instalado,54,,,U60391,2023-11-09T13:40:16+01:00,Feature,"[-0.36954609842119596, 39.481282691143214]",Point,-0.36954609842119596,39.481282691143214
259,VIA PUBLICA,,"CRA ESCRIVA, 1",09,091,1,351,Instalado,12,,,U60391,2023-06-08T14:29:49+02:00,Feature,"[-0.3838976426794711, 39.45784110330776]",Point,-0.3838976426794711,39.45784110330776
263,VIA PUBLICA,,"C/ CONSOLAT DE MAR, 2",02,021,1,365,Instalado,128,,,U60391,2023-06-08T14:49:36+02:00,Feature,"[-0.3716792336038964, 39.46296542778644]",Point,-0.3716792336038964,39.46296542778644
264,VIA PUBLICA,,"AV GENERAL AVILÉS, 59",04,041,1,369,Instalado,179,,,U60391,2023-07-07T11:26:18+02:00,Feature,"[-0.3999947860580666, 39.48398052736726]",Point,-0.3999947860580666,39.48398052736726
265,VIA PUBLICA,,AV VALLE DE LA BALLESTERA - C/ GRAVADOR ENGUÍDANOS,04,041,1,371,Instalado,183,,,U60391,2023-07-07T11:35:00+02:00,Feature,"[-0.39662343668032446, 39.479863138120166]",Point,-0.39662343668032446,39.479863138120166
266,VIA PUBLICA,,C/ JOAQUIM BALLESTER - C/ TRAINERA,04,042,1,376,Instalado,186,,,U60391,2023-07-07T11:51:20+02:00,Feature,"[-0.387027385333801, 39.48409393647193]",Point,-0.387027385333801,39.48409393647193
267,VIA PUBLICA,,AV GENERAL AVILES - C/ LUIS BUÑUEL (DIRECTOR DE CINE),04,044,1,379,Instalado,197,,,U60391,2023-07-07T12:04:49+02:00,Feature,"[-0.403359932339138, 39.48247965540721]",Point,-0.403359932339138,39.48247965540721
268,VIA PUBLICA,,C/ VTE RIOS ENRIQUE (MESTRE ARTESA FONEDOR SEGLE XIX) - C/ HERNÁNDEZ LÁZARO,04,044,1,386,Instalado,50,,,U60391,2023-07-07T12:27:24+02:00,Feature,"[-0.40332714287048166, 39.477186131225146]",Point,-0.40332714287048166,39.477186131225146
269,VIA PUBLICA,,"C/ ALMASSORA, 37",05,052,1,391,Instalado,191,,,U60391,2023-11-08T10:01:57+01:00,Feature,"[-0.37187428958432334, 39.484338894799386]",Point,-0.37187428958432334,39.484338894799386
271,00-DEPENDENCIES MUNICIPALS,CONSERVATORI MUNICIPAL DE MÚSICA JOSE ITURBI,"AV BALEARS, 36",12,125,1,8,Instalado,DM08,,,U60391,2023-05-12T09:15:18+02:00,Feature,"[-0.3520073459198504, 39.46112152046048]",Point,-0.3520073459198504,39.46112152046048
272,02-CM_PERSONES MAJORS,"CM ACTIVITATS PERSONES MAJORS ""EL CALVARI""","AV GENERAL AVILÉS, 19",4,043,1,12,Instalado,MA20,,,U60391,2023-05-12T09:16:47+02:00,Feature,"[-0.3927993965757745, 39.48700952293332]",Point,-0.3927993965757745,39.48700952293332
273,04-CENTRE EDUCATIU,IES LLUÍS VIVES,"C/ SANT PAU, 4 (punt ubicat en AV MARQUS DE SOTELO, 9 )",1,016,1,16,Instalado,ED05,,,U60391,2023-05-12T09:18:26+02:00,Feature,"[-0.3772980467911945, 39.46808530153522]",Point,-0.3772980467911945,39.46808530153522
275,02-CM_PERSONES MAJORS,"CM ACTIVITATS PERSONES MAJORS ""PINEDO""","TRAV PINEDO A LA MAR, 53",19,193,1,18,Instalado,MA16,,,U60391,2023-05-12T09:19:12+02:00,Feature,"[-0.3368047266405436, 39.421657744132744]",Point,-0.3368047266405436,39.421657744132744
276,00-DEPENDENCIES MUNICIPALS,AJUNTAMENT DE VALÈNCIA-TABAQUERA (Entrada Principal),"C/ AMADEU DE SAVOIA, 11",6,061,1,19,Instalado,DM05,,,U60391,2023-05-12T09:20:39+02:00,Feature,"[-0.3611717379539136, 39.47364910567398]",Point,-0.3611717379539136,39.47364910567398
277,00-DEPENDENCIES MUNICIPALS,AJUNTAMENT DE VALÈNCIA-TABAQUERA (Entrada Registre),"C/ AMADEU DE SAVOIA, 11",6,061,1,20,Instalado,DM06,,,U60391,2023-05-12T09:20:56+02:00,Feature,"[-0.36230963656175036, 39.474030704862045]",Point,-0.36230963656175036,39.474030704862045
278,VIA PUBLICA,,"C/ GUADALAVIAR, 11",05,052,1,22,Instalado,166,,,U60391,2024-01-23T09:21:46+01:00,Feature,"[-0.37680998842539876, 39.48267253001856]",Point,-0.37680998842539876,39.48267253001856
279,09-UNIVERSITAT POPULAR,UP MORVEDRE,"PL RONCESVALLS, 8",5,054,1,30,Instalado,UP06,,,U60391,2023-05-12T13:06:38+02:00,Feature,"[-0.37866891433936917, 39.48751032990669]",Point,-0.37866891433936917,39.48751032990669
280,06-ECOPARC,ECOPARC FIX VARA DE QUART,"CAMI ALQUERIA DE LA MORERA, S/N",8,083,1,34,Instalado,EC00,,,U60391,2023-05-12T13:08:48+02:00,Feature,"[-0.4089430249887012, 39.454964765211656]",Point,-0.4089430249887012,39.454964765211656
281,07-ALCALDIA DE BARRI,PEDANIA POBLE NOU,"CAMI MONCADA, 205",17,172,1,36,Instalado,AB07,,,U60391,2023-05-12T13:09:38+02:00,Feature,"[-0.3840349331139049, 39.5042458569491]",Point,-0.3840349331139049,39.5042458569491
282,07-ALCALDIA DE BARRI,ALCALDIA PINEDO,"CTRA RIU, 263",19,193,1,37,Instalado,AB02,,,U60391,2023-05-12T13:11:01+02:00,Feature,"[-0.34080648073880926, 39.424360439881625]",Point,-0.34080648073880926,39.424360439881625
283,02-CM_PERSONES MAJORS,"CM CENTRE DIA MUNICIPAL PER A PERSONES MAJORS DEPENDENTS ""LA PURISIMA""","C/ ASSAGADOR D'ALBORAIA, 20",15,153,1,44,Instalado,MA31,,,U60391,2023-05-12T09:21:53+02:00,Feature,"[-0.362819473160609, 39.489434578663975]",Point,-0.362819473160609,39.489434578663975
284,05-CENTRES JUVENILS,POLIESPORTIU ASTÚRIES,"C/ ASTÚRIES, Jt 22",12,125,1,45,Instalado,JU03,,,U60391,2023-05-12T09:22:14+02:00,Feature,"[-0.35588278765334913, 39.465032542190976]",Point,-0.35588278765334913,39.465032542190976
285,04-CENTRE EDUCATIU,CEIP JOSÉ SOTO MICO,"C/ BEETHOVEN, S/N",9,092,1,46,Instalado,ED17,,,U60391,2023-05-12T09:23:53+02:00,Feature,"[-0.3900151196451928, 39.450218209783365]",Point,-0.3900151196451928,39.450218209783365
286,02-CM_PERSONES MAJORS,"CM ACTIVITATS PERSONES MAJORS ""LA TORRE""","C/ BENIDOLEIG, 9",19,197,1,48,Instalado,MA17,,,U60391,2023-05-12T09:24:33+02:00,Feature,"[-0.39317166711140966, 39.43450705844619]",Point,-0.39317166711140966,39.43450705844619
287,VIA PUBLICA,,"AV PÉREZ GALDÓS, 47",08,081,1,49,Instalado,14-2,,,U60391,2023-06-12T09:18:59+02:00,Feature,"[-0.38975855021192574, 39.46628908826019]",Point,-0.38975855021192574,39.46628908826019
288,02-CM_PERSONES MAJORS,"CM ACTIVITATS PERSONES MAJORS ""NOU MOLES""","C/ BURGOS, S/N",7,071,1,51,Instalado,MA03,,,U60391,2023-05-12T09:25:07+02:00,Feature,"[-0.39906318290102577, 39.4701102123832]",Point,-0.39906318290102577,39.4701102123832
290,04-CENTRE EDUCATIU,IES BENLLIURE,"C/ CONVENT DELS CARMELITES, 13",5,053,1,55,Instalado,ED20,,,U60391,2023-05-12T09:26:24+02:00,Feature,"[-0.369807525966548, 39.483140385560844]",Point,-0.369807525966548,39.483140385560844
291,01-MERCAT,MERCAT JERUSALEM,C/ MATEMÀTIC MARZAL,3,032,1,58,Instalado,ME04,,,U60391,2023-05-12T11:53:56+02:00,Feature,"[-0.3805401855029309, 39.46663738728998]",Point,-0.3805401855029309,39.46663738728998
292,01-MERCAT,MERCAT DE CASTILLA,"C/ JOSEP MAESTRE, 13",7,073,1,59,Instalado,ME05,,,U60391,2023-05-12T11:54:27+02:00,Feature,"[-0.4033580601893508, 39.46543877009847]",Point,-0.4033580601893508,39.46543877009847
293,05-CENTRES JUVENILS,POLIESPORTIU BENIMACLET,"C/ DANIEL BALACIART, 8",14,141,1,60,Instalado,JU06,,,U60391,2023-05-12T12:02:40+02:00,Feature,"[-0.35478855122738806, 39.48093886474272]",Point,-0.35478855122738806,39.48093886474272
295,02-CM_PERSONES MAJORS,"CM ACTIVITAS PERSONES MAJORS ""BENIMACLET""","C/ EMILI BARÓ, 87",15,153,1,64,Instalado,MA30,,,U60391,2023-05-12T12:03:38+02:00,Feature,"[-0.3585832345887398, 39.49265106969566]",Point,-0.3585832345887398,39.49265106969566
296,02-CM_PERSONES MAJORS,"CM ACTIVITATS PERSONES MAJORS ""PATRAIX""","C/ SALABERT, 13ac",8,081,1,69,Instalado,MA07,,,U60391,2023-05-12T12:09:57+02:00,Feature,"[-0.3942959387452805, 39.46285526673407]",Point,-0.3942959387452805,39.46285526673407
297,09-UNIVERSITAT POPULAR,UP SANT ISIDRE,"C/ JOSÉ ANDREU ALABARTA, 25",8,082,1,73,Instalado,UP04,,,U60391,2023-05-12T12:11:55+02:00,Feature,"[-0.40420449524049834, 39.45333684899232]",Point,-0.40420449524049834,39.45333684899232
298,02-CM_PERSONES MAJORS,"CM ACTIVITATS PERSONES MAJORS ""SANT ISIDRE""","C/ JOSÉ ANDREU ALABARTA, S/N",8,082,1,74,Instalado,MA09,,,U60391,2023-05-12T12:25:33+02:00,Feature,"[-0.4050607958320004, 39.453139532673354]",Point,-0.4050607958320004,39.453139532673354
299,02-CM_PERSONES MAJORS,"CM ACTIVITAS PERSONES MAJORS ""BENICALAPECH""","C/ LOUIS BRAILLE, S/N",16,162,1,78,Instalado,MA32,,,U60391,2023-05-12T12:54:54+02:00,Feature,"[-0.3955846239188685, 39.4962114618414]",Point,-0.3955846239188685,39.4962114618414
300,04-CENTRE EDUCATIU,CEIP LA FONTETA,"C/ MOSSÉN PALANCA, 27",10,104,1,81,Instalado,ED40,,,U60391,2023-05-12T12:57:14+02:00,Feature,"[-0.3655213161320903, 39.44452202639347]",Point,-0.3655213161320903,39.44452202639347
301,02-CM_PERSONES MAJORS,"CM ACTIVITATS PERSONES MAJORS ""SANT MARCEL·LÍ""","C/ SALVADOR PERLES, 12",9,094,1,88,Instalado,MA13,,,U60391,2023-05-12T12:59:21+02:00,Feature,"[-0.389796227110492, 39.44271669173513]",Point,-0.389796227110492,39.44271669173513
302,02-CM_PERSONES MAJORS,"CM ACTIVITATS PERSONES MAJORS ""CREU COBERTA""","C/ TOMÀS DE VILARROYA, 17 Baix",9,094,1,92,Instalado,MA12,,,U60391,2023-05-12T13:01:28+02:00,Feature,"[-0.38813708983476886, 39.44755327831861]",Point,-0.38813708983476886,39.44755327831861
303,02-CM_PERSONES MAJORS,"CM ACTIVITAS PERSONES MAJORS ""TRAFALGAR""","C/ TRAFALGAR, 34",12,123,1,94,Instalado,MA24,,,U60391,2023-05-12T13:02:05+02:00,Feature,"[-0.3451252510320386, 39.46142790998163]",Point,-0.3451252510320386,39.46142790998163
304,04-CENTRE EDUCATIU,CEIP DOCTOR LOPEZ ROSAT,"C/ VICENT MAROTO, 1",7,073,1,97,Instalado,ED14,,,U60391,2023-05-12T13:03:08+02:00,Feature,"[-0.3959491269210414, 39.464846489713594]",Point,-0.3959491269210414,39.464846489713594
305,01-MERCAT,MERCAT DE RUSSAFA,Entrada per PL BARÓ DE CORTES,2,021,1,98,Instalado,ME02,,,U60391,2023-05-12T13:04:03+02:00,Feature,"[-0.37165924182715004, 39.46186460925452]",Point,-0.37165924182715004,39.46186460925452
306,01-MERCAT,MERCAT BENIMAMET,PL ALBORAIG,18,181,1,99,Instalado,ME10,,,U60391,2023-05-12T13:04:25+02:00,Feature,"[-0.41797673760175974, 39.498897259978804]",Point,-0.41797673760175974,39.498897259978804
307,VIA PUBLICA,,"PL ARAS DE LOS OLMOS, 4",11,115,1,102,Instalado,84,,,U60391,2023-06-08T13:59:33+02:00,Feature,"[-0.3333652588699469, 39.44851313441428]",Point,-0.3333652588699469,39.44851313441428
308,VIA PUBLICA,,"C/ GUILLERMINA MEDRANO (PRIMERA DONA REGIDORA), 13",17,177,1,108,Instalado,27,,,U60391,2023-06-08T14:07:28+02:00,Feature,"[-0.38838196588856666, 39.51507276003267]",Point,-0.38838196588856666,39.51507276003267
309,VIA PUBLICA,,"CAMI MONTCADA, 209",17,172,1,109,Instalado,25,,,U60391,2023-06-08T14:08:04+02:00,Feature,"[-0.38357793389583783, 39.504118127317675]",Point,-0.38357793389583783,39.504118127317675
310,VIA PUBLICA,,CAMI TRILLADORA DEL TOCAIO - C/ SANTÍSSIM CRIST DE LA SALUT,19,195,1,110,Instalado,22,,,U60391,2023-06-08T14:15:09+02:00,Feature,"[-0.31827474373691195, 39.31179022537853]",Point,-0.31827474373691195,39.31179022537853
315,VIA PUBLICA,,C/ SANT VICENT MARTIR - ARQUEBISBE OLAECHEA,09,094,1,127,Instalado,20,,,U60391,2023-06-12T07:54:01+02:00,Feature,"[-0.38806165435436246, 39.44305693562433]",Point,-0.38806165435436246,39.44305693562433
317,VIA PUBLICA,,"AV CID, 35 - C/ ÉNGUERA",08,081,1,130,Instalado,158,,,U60391,2023-06-12T07:56:31+02:00,Feature,"[-0.39502520462424345, 39.46772903088599]",Point,-0.39502520462424345,39.46772903088599
320,VIA PUBLICA,,AV CARDENAL BENLLOCH - C/ ERNEST FERRER,06,062,1,148,Instalado,236,,,U60391,2023-06-08T09:56:24+02:00,Feature,"[-0.35442365196912545, 39.471736513495884]",Point,-0.35442365196912545,39.471736513495884
321,VIA PUBLICA,,C/ CARTERS - C/ TOMÀS DE VILLAROYA,09,093,1,152,Instalado,170,,,U60391,2023-06-08T11:00:24+02:00,Feature,"[-0.38947037522645095, 39.447809882504664]",Point,-0.38947037522645095,39.447809882504664
324,VIA PUBLICA,,"AV PERIS I VALERO, 183",02,021,1,159,Instalado,281,,,U60391,2023-06-08T11:04:59+02:00,Feature,"[-0.3639270602984173, 39.462039731858255]",Point,-0.3639270602984173,39.462039731858255
325,VIA PUBLICA,,C/ AIORA - C/ XIVA,08,081,1,165,Instalado,11,,,U60391,2023-06-08T11:51:51+02:00,Feature,"[-0.39217749952971814, 39.46637134905663]",Point,-0.39217749952971814,39.46637134905663
330,VIA PUBLICA,,AV PRIMER DE MAIG - C/ JERONIMA GALES (IMPRESSORA),09,092,1,190,Instalado,35,,,U60391,2023-06-08T12:29:08+02:00,Feature,"[-0.3928513911081375, 39.449836852431304]",Point,-0.3928513911081375,39.449836852431304
333,VIA PUBLICA,,"C/ JUAN BALLESTER (ESCRIPTOR), F-4",17,176,1,207,Instalado,278,,,U60391,2023-06-08T12:51:49+02:00,Feature,"[-0.40602092835645437, 39.540767265119946]",Point,-0.40602092835645437,39.540767265119946
336,VIA PUBLICA,,"C/ FRANCO TORMO, FRT. 3",08,081,1,219,Instalado,02,,,U60391,2023-06-08T12:59:39+02:00,Feature,"[-0.3899877702532157, 39.45810817020804]",Point,-0.3899877702532157,39.45810817020804
337,VIA PUBLICA,,AV FRANÇA - C/ ALFRED TORAN I OLMOS (ESCULTOR),12,125,1,220,Instalado,210,,,U60391,2023-06-08T13:00:14+02:00,Feature,"[-0.3508687988280306, 39.45984143832578]",Point,-0.3508687988280306,39.45984143832578
340,VIA PUBLICA,,"CTRA RIU, 300",19,193,1,223,Instalado,16,,,U60391,2023-06-08T13:02:57+02:00,Feature,"[-0.34068409589220155, 39.422204808846196]",Point,-0.34068409589220155,39.422204808846196
341,VIA PUBLICA,,"AV JESUS MORANTE BORRÀS, 135",10,106,1,224,Instalado,05-2,,,U60391,2023-06-08T13:03:38+02:00,Feature,"[-0.3439185824067831, 39.444871160947244]",Point,-0.3439185824067831,39.444871160947244
342,VIA PUBLICA,,"CAMI CASES DE BÀRCENA, 66",17,174,1,229,Instalado,23,,,U60391,2023-06-08T13:06:49+02:00,Feature,"[-0.3586247624662927, 39.52052065160252]",Point,-0.3586247624662927,39.52052065160252
346,VIA PUBLICA,,"AV DOCTOR TOMAS SALA, 18 acc",09,094,1,236,Instalado,168,,,U60391,2023-06-08T13:13:50+02:00,Feature,"[-0.38881458499882404, 39.44650677074238]",Point,-0.38881458499882404,39.44650677074238
347,VIA PUBLICA,,"PL MARE DE DÉU DEL LEPANT, 18",19,192,1,240,Instalado,17,,,U60391,2023-06-08T13:17:22+02:00,Feature,"[-0.3635555893743585, 39.429493697566905]",Point,-0.3635555893743585,39.429493697566905
351,VIA PUBLICA,,"C/ ILLES CANÀRIES, 90",12,123,1,256,Instalado,63,,,U60391,2023-06-08T13:32:51+02:00,Feature,"[-0.3485074621627529, 39.46433113928]",Point,-0.3485074621627529,39.46433113928
360,VIA PUBLICA,,AV CONSTITUCIÓ -C/ RUAYA,05,051,1,281,Instalado,203,,,U60391,2023-11-15T13:48:29+01:00,Feature,"[-0.3784823848704599, 39.48536224108787]",Point,-0.3784823848704599,39.48536224108787
362,VIA PUBLICA,,"C/ JORGE JUAN, 19",02,022,1,294,Instalado,148,,,U60391,2023-06-09T08:49:14+02:00,Feature,"[-0.36897772040251403, 39.468969724859335]",Point,-0.36897772040251403,39.468969724859335
364,VIA PUBLICA,,PL JESÚS,08,081,1,297,Instalado,153,,,U60391,2023-06-09T08:50:57+02:00,Feature,"[-0.38840411070461894, 39.45974533231916]",Point,-0.38840411070461894,39.45974533231916
365,VIA PUBLICA,,"C/ JOSÉ MARÍA MORTES LERMA, 42",08,083,1,298,Instalado,13,,,U60391,2023-06-09T08:52:21+02:00,Feature,"[-0.4044677002669212, 39.46285243259341]",Point,-0.4044677002669212,39.46285243259341
367,VIA PUBLICA,,C/ MATIES PERELLÓ CRUCE C/ MESTRE AGUILAR,02,021,1,307,Instalado,280,,,U60391,2023-06-09T09:18:13+02:00,Feature,"[-0.36987026357400526, 39.46076418179822]",Point,-0.36987026357400526,39.46076418179822
374,07-ALCALDIA DE BARRI,ALCALDIA CARPESA,"PL VICENTE GIL ROS (MEDALLISTA PARALIMPIC), 1",17,173,1,333,Instalado,AB08,,,U60391,2023-06-29T14:58:01+02:00,Feature,"[-0.37961107410594713, 39.51683853530108]",Point,-0.37961107410594713,39.51683853530108
375,07-ALCALDIA DE BARRI,ALCALDIA CASES DE BÀRCENA,"CAMI CASES DE BÀRCENA, 63",17,174,1,334,Instalado,AB09,,,U60391,2023-06-29T15:03:07+02:00,Feature,"[-0.35856468768727734, 39.52090449903468]",Point,-0.35856468768727734,39.52090449903468
376,VIA PUBLICA,,C/ SAGUNT - C/ HORT D'EN VICENT,05,052,1,338,Instalado,189,,,U60391,2023-11-09T13:03:34+01:00,Feature,"[-0.3744708158604005, 39.48553564929758]",Point,-0.3744708158604005,39.48553564929758
377,VIA PUBLICA,,C/ CONVENT DELS CARMELITES - C/ ALBORAIA,05,053,1,341,Instalado,194,,,U60391,2023-11-09T13:27:24+01:00,Feature,"[-0.36980331376724784, 39.483070690244624]",Point,-0.36980331376724784,39.483070690244624
379,VIA PUBLICA,,"C/ SANT VICENT MARTIR, 219",09,091,1,352,Instalado,31,,,U60391,2023-06-08T14:38:08+02:00,Feature,"[-0.383869419712076, 39.45573866337218]",Point,-0.383869419712076,39.45573866337218
380,VIA PUBLICA,,C/ SANT VICENT MARTIR - AV DOCTOR TOMÀS SALA,09,094,1,353,Instalado,171,,,U60391,2023-06-08T14:39:18+02:00,Feature,"[-0.38686169579470253, 39.446865696487116]",Point,-0.38686169579470253,39.446865696487116
381,VIA PUBLICA,,"AV CAMPANAR, 37",04,041,1,357,Instalado,195,,,U60391,2023-07-07T11:23:53+02:00,Feature,"[-0.39361808668513115, 39.47971925930569]",Point,-0.39361808668513115,39.47971925930569
383,VIA PUBLICA,,"C/ ALEMANYA, 10",06,063,1,364,Instalado,238,,,U60391,2023-06-08T14:48:57+02:00,Feature,"[-0.361587006294363, 39.48206848934482]",Point,-0.361587006294363,39.48206848934482
384,VIA PUBLICA,,C/ ARQUITECTE MORA - PG ALBEREDA,06,062,1,367,Instalado,255,,,U60391,2023-06-08T14:51:35+02:00,Feature,"[-0.3632602806931845, 39.472985581333816]",Point,-0.3632602806931845,39.472985581333816
385,VIA PUBLICA,,"AV PIO XII, 3",04,041,1,370,Instalado,198,,,U60391,2023-07-07T11:33:45+02:00,Feature,"[-0.39202427451957944, 39.47950744127224]",Point,-0.39202427451957944,39.47950744127224
386,VIA PUBLICA,,"C/ MARQUÉS DE SANT JOAN, 1 - C/ EDUARDO SOLER Y PEREZ - (CMAPM)",04,041,1,372,Instalado,42,,,U60391,2023-07-07T11:36:28+02:00,Feature,"[-0.39945067868872974, 39.47732560906618]",Point,-0.39945067868872974,39.47732560906618
387,VIA PUBLICA,,"C/ MONESTIR DE POBLET, 4",04,043,1,377,Instalado,177,,,U60391,2023-07-07T11:56:47+02:00,Feature,"[-0.3917993101103331, 39.486272382500964]",Point,-0.3917993101103331,39.486272382500964
388,VIA PUBLICA,,"C/ TERRATEIG, 1 - C/ JORGE COMÍN (METGE PEDIATRE)",04,044,1,383,Instalado,45,,,U60391,2023-07-07T12:15:11+02:00,Feature,"[-0.4036224119835949, 39.480688189440414]",Point,-0.4036224119835949,39.480688189440414
389,VIA PUBLICA,,AV BURJASSOT - AV CAMPANAR,04,043,1,387,Instalado,0,,,U60391,2023-07-07T12:30:48+02:00,Feature,"[-0.38936829092701947, 39.48840777001436]",Point,-0.38936829092701947,39.48840777001436
390,VIA PUBLICA,,AV BURJASSOT - C/ DOCTOR MACHÍ,05,051,1,388,Instalado,37,,,U60391,2023-11-08T09:50:29+01:00,Feature,"[-0.38610610358500197, 39.485813134834366]",Point,-0.38610610358500197,39.485813134834366
